Code	Food_Name_English	Food_Name_Bengali	Scientific_Name	Food_Group	Edible_Portion	Energy_kcal	Water_g	Protein_g	Fat_g	Carbohydrate_g	Fibre_g	Ash_g	Calcium_mg	Iron_mg	Sodium_mg
01_0001	Barley, whole-grain, raw	Jaab, gota	Hordeum vulgare	01 Cereals and their products	1.0	324.0	11.715	10.8503445248	2.23	56.3746554752	17.3	1.53	26	5.45	4
01_0034	Biscuit, sweet*	Misti biscuit		01 Cereals and their products	1.0	344.0	24.3	5.818311688311688	9.987090909090911	56.701727272727275	2.4095454545454547	0.7772207792207793	83.20111688311688	2.134714285714286	83.3543116883117
01_0002	Bread, bun/roll	Bonruti, bun/roll		01 Cereals and their products	1.0	270.0	33	8.8	2.8	50.900000000000006	2.8	1.7	26	0.99	501
01_0003	Bread, white, for toasting	Pawruti		01 Cereals and their products	1.0	272.0	30.4	8.0256	1.4	55.5744	2.5	2.1	119	2.2	592
01_0004	Maize/corn flour, whole, white	Bhutta, atta		01 Cereals and their products	1.0	355.0	10.91	6.93	3.86	69.55	7.3	1.45	7	2.38	5
01_0005	Maize/corn, yellow, dried, raw	Bhutta, shukna	Zea mays	01 Cereals and their products	1.0	344.0	13.075666666666669	9.944142857142856	3.3944444444444444	64.69124603174603	7.3	1.5945	11.532857142857143	2.8550000000000004	13.79
01_0006	Millet, Foxtail, raw	Kaon	Setaria italica	01 Cereals and their products	1.0	344.0	11.81	10.41	4.3	61.68000000000001	8.5	3.3	32	2.8	7
01_0007	Millet, Proso, whole-grain, raw	Cheena, gota-dana	Panicum miliaceum	01 Cereals and their products	1.0	341.0	12.48	11.221584	4.22	60.328416000000004	8.5	3.25	14	5	5
01_0008	Pear millet, whole-grain, raw	Bajra, gota-dana	Pennisetum typhoideum	01 Cereals and their products	1.0	349.0	12.4	10.093343744	5.0	61.406656256000005	8.8	2.3	42	[8.0]	10.9
01_0035	Plain Khichuri*	Khichuri		01 Cereals and their products	1.0	163.0	65.70207651391162	5.076874829514458	7.445189750409166	17.71363679759956	2.4563727495908347	1.6	13.369133592471357	1.1202962494030964	410.4911671440262
01_0036	Plain pulao*	Plain pulao		01 Cereals and their products	1.0	128.0	69.74103882109173	2.163726672349154	2.2929642834868296	24.071940343376482	1.0801112425226274	0.6493870536302087	6.300482318454918	0.4	166.56308929012843
01_0009	Popcorn, maize (salt added)	Popcorn, Bhutta	Zea mays	01 Cereals and their products	1.0	328.0	13.735	9.978	3.0715	58.63753454695904	12.937965453040958	1.6400000000000001	10	2.8	785
01_0010	Rice flakes	Chira	Oryza sativa	01 Cereals and their products	1.0	356.0	9.8532	6.5253888	1.1424	79.1790112	1.3	2	25.116933333333336	6.8	2.0230320091272103
01_0011	Rice flakes, white grain, water-soaked	Chira, veja	Oryza sativa	01 Cereals and their products	1.0	105.0	73.19	2.049821126603458	0.3	23	[0.9]	0.5981037367540435	7.889985127347091	[2]	0.6016573873359954
01_0012	Rice, BR-28, parboiled, milled, raw	Chal, BR-28, majhari dana, siddha, kolechata	Oryza sativa	01 Cereals and their products	1.0	344.0	12.35	6.507	0.413	76.753	3.43	0.547	8.687	0.6508843076923078	1.967
01_0037	Rice, BR-28, boiled* (without salt)	Bhat, BR-28, bosa bhat	Oryza sativa	01 Cereals and their products	1.0	109.0	71.16776315789474	2.140460526315789	0.13585526315789473	24.3	1.1	0.1799342105263158	6.089473684210526	0.3226593117408907	3.0636842105263162
01_0013	Rice, BR-11, parboiled, milled, raw	Chal, BR-11, siddha, kole chata	Oryza sativa	01 Cereals and their products	1.0	345.0	11.92	7.901600000000001	0.28	76.1	3.43	0.41	1.26	0.6540774651630172	1.9766498573873361
01_0014	Rice, BR-16, parboiled, milled, raw	Chal, BR-16, siddha, kole chata	Oryza sativa	01 Cereals and their products	1.0	346.0	11.77	6.188000000000001	0.29	77.862	3.43	0.46	1.862	0.6551913573039625	1.9800160867084997
01_0015	Rice, BR-26, parboiled, milled, raw	Chal, BR-26, siddha, kole chata	Oryza sativa	01 Cereals and their products	1.0	346.0	11.68	8.377600000000001	0.4	75.5	3.43	0.57	1.921	0.6558596925885296	1.9820358243011977
01_0016	Rice, BR-3, parboiled, milled, raw	Chal, BR-3, siddha, kole chata	Oryza sativa	01 Cereals and their products	1.0	344.0	12.02	7.14	0.15	76.8	3.43	0.45	2.2689999999999997	0.6533348704023872	1.9744057045065604
01_0017	Rice, BRRI Dhan-30, parboiled, milled, raw	Chal, BRRI Dhan-30, siddha, kole chata	Oryza sativa	01 Cereals and their products	1.0	349.0	10.87	6.949599999999999	0.3	77.8604	3.43	0.59	2.145	0.6618747101496335	2.000213462635482
01_0018	Rice, BRRI Dhan-40, parboiled, milled, raw	Chal, BRRI Dhan-40, siddha, kole chata	Oryza sativa	01 Cereals and their products	1.0	349.0	10.76	7.044800000000001	0.31	77.9	3.43	0.55	1.892	0.6626915643863267	2.002682030804335
01_0019	Rice, bran, raw	Chaler kura	Oryza sativa	01 Cereals and their products	1.0	398.0	6.115	13.375	20.875	28.644999999999996	21	9.99	58.5	18.52	5
01_0020	Rice, brown, parboiled, home-pounded, raw 	Chal, siddha, dhekichata	Oryza sativa	01 Cereals and their products	1.0	348.0	12.6	7.616	2.3	72.394	3.79	1.3	10	2.8	5
01_0038	Rice, brown, home-pounded, boiled* (without salt)	Bhat, siddha, dhekichata	Oryza sativa	01 Cereals and their products	1.0	112.0	71.98717948717949	2.4410256410256412	0.7371794871794871	23.203205128205127	1.2147435897435896	0.4166666666666667	6.354166666666666	1.0032051282051282	3.762820512820513
01_0021	Rice, brown, parboiled, milled, raw 	Chal, lal, siddha, kolechata	Oryza sativa	01 Cereals and their products	1.0	350.0	12.403571428571427	7.825384466513878	2.4	72.2710441049147	3.8	1.3	12	1	5
01_0039	Rice, brown, parboiled, milled, boiled* (without salt)	Bhat, lal, siddha, kolechata		01 Cereals and their products	1.0	112.0	71.9242216117216	2.5081360469595766	0.7692307692307693	23.16379618747266	1.217948717948718	0.4166666666666667	6.9951923076923075	0.4262820512820513	3.762820512820513
01_0022	Rice, popped	Khoi	Oryza sativa	01 Cereals and their products	1.0	380.0	3.91	7.14	0.1	87	1.4	0.4	10	0.7135593054894906	5
01_0023	Rice, puffed, salted	Muri	Oryza sativa	01 Cereals and their products	1.0	361.0	7.300000000000001	6.711600000000001	0.1	82.73779119575397	1.3506088042460194	1.8	9.187505989731887	0.6883853431041292	650
01_0024	Rice, white, sunned, aromatic, raw 	Chal, atop, sugondhi, chikon dana, dhekichata	Oryza sativa	01 Cereals and their products	1.0	343.0	12.767500000000002	6.727466666666667	0.65	76.14503333333333	3.06	0.65	10	0.9	5
01_0040	Rice, white, sunned, aromatic, boiled* (without salt)	Bhat, Sugondhi, bosa bhat	Oryza sativa	01 Cereals and their products	1.0	110.0	72.04086538461539	2.1562393162393163	0.20833333333333334	24.4054594017094	0.9807692307692308	0.20833333333333334	6.354166666666666	0.3798076923076923	3.4423076923076925
01_0025	Rice, white, sunned, polished, milled, raw	Chal, atop, HYV, kolechata, raw	Oryza sativa	01 Cereals and their products	1.0	345.0	12.172083333333333	6.562453333333333	0.3422222222222223	77.40204111111112	3.08	0.4412	5.204714285714286	0.91	5.43
01_0041	Rice, white, sunned, polished, milled, boiled* (without salt)	Bhat, atop, bosa bhat	Oryza sativa	01 Cereals and their products	1.0	111.0	71.8500267094017	2.1033504273504273	0.10968660968660973	24.80834650997151	0.9871794871794872	0.14141025641025642	4.817216117216118	0.38285256410256413	3.5250000000000004
01_0042	Ruti*	Ruti		01 Cereals and their products	1.0	246.0	37.3	7.5	1.2	49.7	3.1	1.1	11	2.7	231
01_0026	Semolina, wheat, raw 	Sooji, gom	Triticum aestivum 	01 Cereals and their products	1.0	346.0	12.756666666666668	10.86	1.3499999999999999	70.59833333333333	3.9	0.535	16.925	1.065	4.8
01_0027	Sorghum, raw	Jowar	Sorghum vularebicolor	01 Cereals and their products	1.0	350.0	11.93	10.105	3.3	66.89750000000001	6.3	1.4675	25	5.8	6
01_0028	Sweet corn, yellow, on the cob, raw	Bhutta, kancha	Zea mays	01 Cereals and their products	0.47	147.0	62.9	3.466666666666667	1.4	28.683333333333337	2.8	0.75	5	0.7000000000000001	2
01_0029	Vermicelli, wheat, raw	Semai	Triticum aestivum	01 Cereals and their products	1.0	347.0	11.7	8.90568	0.62	74.87432	3.2	0.7	22	2	8
01_0043	Vermicelli, boiled* (without salt)	Semai siddha	Triticum aestivum	01 Cereals and their products	1.0	151.0	61.60869565217391	3.872034782608696	0.26956521739130435	32.55405217391304	1.391304347826087	0.30434782608695654	11.416304347826086	0.9317391304347826	4.240869565217392
01_0030	Wheat flour, brown, whole grain, raw	Ata, lal	Triticum aestivum	01 Cereals and their products	1.0	334.0	12.2775	11.28688	2.09	62.17962	10.7	1.466	52.20666666666667	4.9	16.39
01_0031	Wheat, flour, white	Ata, sada, packet	Triticum aestivum	01 Cereals and their products	1.0	347.0	12.21	10.605	1.643	70.3365	4.4175	0.788	12.793	3.8	9.831
01_0032	Wheat flour, white, refined	Maida	Triticum aestivum	01 Cereals and their products	1.0	346.0	12.818333333333333	9.77208	0.98	73.12958666666667	2.7	0.6	12.793	2.7	9.831
01_0033	Wheat, whole, raw	Gom	Triticum aestivum	01 Cereals and their products	1.0	344.0	10.016666666666664	11.245611555555556	2.894117647058824	62.03915968627451	12.2	1.6044444444444446	41	4.9	17.64581422018349
02_0001	Bengal gram, dehulled, split, dried, raw	Cholar dal, vanga	Cicer arietinum 	02 Pulses, legumes and their products	1.0	375.0	10.5	20.24	6.04	59.199999999999996	[1.2]	2.825	56	8.8	39
02_0002	Bengal gram, whole, dried, raw	Chola, shukna	Cicer arietinum	02 Pulses, legumes and their products	1.0	350.0	8.854999999999999	20.363333333333333	6.04	44.78366666666667	17.4	2.558	203.07750000000001	8.836000000000002	33.3
02_0012	Bengal gram, whole, boiled* (without salt)	Chola siddha, lobon chara	Cicer arietinum	02 Pulses, legumes and their products	1.0	182.0	52.52864583333334	10.605902777777777	3.145833333333333	23.32482638888889	9.0625	1.3	93.9978515625	4.049270833333334	16.2328125
02_0003	Black gram, dehulled, dried raw	Mashkalai dal, asto	Vigna mungo 	02 Pulses, legumes and their products	1.0	317.0	11.3	22.313333333333333	1.6749999999999998	45.08666666666667	16.3	3.325	184.3525	5.911333333333334	32.97
02_0004	Black gram, split, dried, raw	Maskalai dal, vanga	Vigna mungo 	02 Pulses, legumes and their products	1.0	350.0	10.483333333333333	22.5975	1.2166666666666666	61.8125	[0.9]	3.01	52.9	3.258	35.3
02_0005	Green gram, split, dried, raw	Mung dal,  vanga	Vigna radiata	02 Pulses, legumes and their products	1.0	351.0	9.821428571428571	23.688	1.185	60.93640476190476	[0.7]	3.6725	69.09	7.18	30.46
02_0013	Green gram, split, boiled* (without salt)	Mung dal siddha, lobon chara	Vigna radiata	02 Pulses, legumes and their products	1.0	161.0	58.48132070507761	10.906077348066297	0.5455801104972376	28.055434973252652	[0.3]	1.7	30.053637200736656	2.9111418047882136	12.893646408839778
02_0006	Green gram, whole, dried, raw	Mungkalai	Vigna radiata 	02 Pulses, legumes and their products	1.0	318.0	10.4	23.725	1.25	44.825	16.3	3.5	137.27333333333334	7.856	28
02_0007	Grass pea, split dried, raw	Khesari dal, vanga	Lathyrus sativus 	02 Pulses, legumes and their products	1.0	352.0	9.432500000000001	28.38333333333333	0.8933333333333334	56.510333333333335	[2.2]	2.5780000000000003	60.839999999999996	5.311800000000001	35.49
02_0014	Grass pea, split, boiled* (without salt)	Khesari dal siddha, lobon chara	Lathyrus sativus 	02 Pulses, legumes and their products	1.0	142.0	63.480846774193544	11.444892473118278	0.3602150537634409	22.786424731182798	[0.9]	1	24.02177419354839	1.9270282258064522	13.229637096774194
02_0008	Lentil, dried, raw	Mosur dal	Lens culinaris	02 Pulses, legumes and their products	1.0	317.0	12.16	27.728	0.791	43.163	13.235	2.923	23	5.1	37
02_0015	Lentis, boiled* (without salt)	Mosur dal siddha, lobon chara	Lens culinaris	02 Pulses, legumes and their products	1.0	155.0	56.94117647058823	13.5921568627451	0.3877450980392157	21.15833333333333	6.487745098039216	1.4	12.151960784313726	2.2112745098039217	15.626470588235291
02_0009	Pea, dried, raw	Motor 	Pisum sativum	02 Pulses, legumes and their products	1.0	327.0	11.704999999999998	22.123333333333335	2.1	48.29666666666667	13	2.7750000000000004	75	4.8	21.2
02_0016	Pea, boiled* (without salt)	Motor siddha, lobon chara	Pisum sativum	02 Pulses, legumes and their products	1.0	170.0	54.01302083333335	11.522569444444446	1.09375	25.15451388888889	6.770833333333333	1.4	37.296875	2.2624999999999997	11.506250000000001
02_0010	Red gram, split, dried, raw	Arhar dal	Cajanus cajan 	02 Pulses, legumes and their products	1.0	347.0	10.8425	22.3	1.49	60.3675	[1.5]	3.5	55.39	2.7	28.5
02_0011	Soybean, dried, raw	Gari kalai/Soyabean	Glycine max 	02 Pulses, legumes and their products	1.0	424.0	9.24818181818182	32.936802666666665	19.94	23.620015515151522	9.3	4.955	240.565	11.339999999999998	5
03_0001	Amaranth, stem, raw	Data	Amaranthus gangeticus	03 Vegetables and their products	0.73	21.0	92.345	0.9	0.1	3.655000000000001	[1.2]	1.8	114	1.8	
03_0002	Bean, scarlet runner, raw	Shim	Phaseolus coccineus	03 Vegetables and their products	0.59	54.0	84.975	3.9	0.1	8.325000000000003	2	0.7	44.1	1.095	Tr
03_0003	Bean, seeds and pods, raw	Shim	Dolichos lablab	03 Vegetables and their products	0.91	29.0	90.02	2.409	0.114	2.492999999999995	4.315	0.649	70.01	0.9124421838407493	10.026
03_0004	Beet root, red, raw	Beet	Dolichos lablab	03 Vegetables and their products	0.85	46.0	85.8	1.98	0.1	7.920000000000002	2.8	1.4	15	1	78
03_0005	Brinjal, purple, long, raw	Begun, kalo, lomba	Solanum melongena	03 Vegetables and their products	0.94	24.0	91.35	1.9	0.061	1.9664999999999822	4.0575	0.665	21.112	0.363875	7.636
03_0033	Brinjal, purple, long, boiled* (without salt)	Begun siddha, lobon chara	Solanum melongena	03 Vegetables and their products	1.0	26.0	90.59782608695653	2.0652173913043477	0.06630434782608696	2.1374999999999806	4.410326086956522	0.665	24	0.3922894021739131	8.053478260869564
03_0006	Broad beans, raw	Makhon shim	Vicia faba	03 Vegetables and their products	0.88	50.0	85.4	4.5	0.6	4.5	4.2	0.8	50	1.4	50
03_0007	Cabbage, raw	Badhakopi	Brassica oleracea	03 Vegetables and their products	0.88	24.0	92.68375	1.5271428571428571	0.31285714285714283	2.5562499999999915	2.5	0.42	30	0.47397142857142854	7.6
03_0034	Cabbage, boiled* (without salt)	Badhakopi siddha, lobon chara	Brassica oleracea	03 Vegetables and their products	1.0	27.0	91.68607954545456	1.7353896103896105	0.35551948051948046	2.9048295454545356	2.840909090909091	0.4534090909090909	35.36363636363637	0.5039529220779221	8.822727272727272
03_0008	Carrot, raw	Gajor	Daucus carota	03 Vegetables and their products	0.83	34.0	89.71	0.921	0.259	5.960000000000008	2.55	0.6	25.858	0.363125	54.05
03_0035	Carrot, boiled* (without salt)	Gajor siddha, lobon chara	Daucus carota	03 Vegetables and their products	1.0	43.0	87.32758620689654	1.1342364532019704	0.3189655172413793	7.339901477832522	3.140394088669951	0.7019704433497537	34.28583743842364	0.4708666871921182	39.78756157635468
03_0009	Cauliflower, raw	Fulkopi	Brassica oleracea var. Botrytis	03 Vegetables and their products	0.45	27.0	91.79375	2.6100000000000003	0.25	2.5462500000000006	2	0.8	33.32575	0.8	20
03_0036	Cauliflower, boiled* (without salt)	Fulkopi siddha, lobon chara	Brassica oleracea var. Botrytis	03 Vegetables and their products	1.0	28.0	91.37998949579831	2.7415966386554627	0.26260504201680673	2.674632352941177	2.100840336134454	0.773109243697479	36	0.8	18
03_0010	Chilli, green, with seeds, raw	Kancha morich	Capsicum annuum	03 Vegetables and their products	0.91	45.0	85.51	2.775	0.132	5.9	4.7	1.036	22.041	1.6451931935186692	11.994
03_0011	Cowpea, pods and seeds, raw	Borboti	Vigna unguiculata 	03 Vegetables and their products	0.9	39.0	87	3.01	0.35	2.8400000000000034	6	0.8	54	0.5	23
03_0037	Cowpea, boiled* (without salt)	Borboti siddha, lobon chara	Vigna unguiculata 	03 Vegetables and their products	1.0	40.0	86.45833333333334	3.135416666666666	0.3645833333333333	2.9583333333333366	6.25	0.7666666666666667	54	0.4822916666666666	20
03_0012	Cucumber, peeled, raw	Shosa	Cucumis sativus	03 Vegetables and their products	0.83	17.0	95.12333333333333	0.8	0.1	2.876666666666665	0.7	0.4	12.666666666666666	0.6	2
03_0013	Drumstick, pods, raw	Sajna data	Moringa oleifera	03 Vegetables and their products	0.63	43.0	85.15	2.85	0.2	5.099999999999994	4.8	1.9	23.833333333333332	0.18	42
03_0014	Garlic, raw	Rosun	Allium sativum	03 Vegetables and their products	0.8366666666666666	147.0	61.626666666666665	6.853333333333334	0.55	27.620000000000005	2.1	1.25	24.5	1.6333333333333335	10.5
03_0015	Gourd, ash, raw	Chalkumra	Benincasa hispida	03 Vegetables and their products	0.67	10.0	96.5	0.4	0.1	1	1.7	0.3	30	0.8	38.779999999999994
03_0016	Gourd, bitter, raw	Korola	Momordica charantia	03 Vegetables and their products	0.95	31.0	90.358	2.055	0.3425	3.5878333333333217	2.6	1.0566666666666666	15.982	1.7842500000000001	36.41
03_0047	Gourd, bitter, boiled* (without salt)	Korola siddha, lobon chara		03 Vegetables and their products	1.0	35.0	89.04318181818181	2.335227272727273	0.38920454545454547	4.07708333333332	2.9545454545454546	1.2	20.23056818181818	1.8	33
03_0048	Gourd, bitter, fry*	Korola vaji		03 Vegetables and their products	1.0	130.0	74.03498868138088	3.0988256932654217	9.055942275042444	7.1	4.1	2.652645727221279	27.00628890775325	2.934498408686205	468.9345925297114
03_0017	Gourd, bottle, raw	Lau	Lagenaria siceraria 	03 Vegetables and their products	0.87	34.0	90.84666666666665	1.0950000000000002	0.1	6.758333333333368	[0.6]	0.6	26	0.7266666666666666	38.779999999999994
03_0018	Gourd, pointed, raw	Potol	Trichosanthes dioica	03 Vegetables and their products	0.95	24.0	92.64500000000001	2.0400000000000005	0.3233333333333333	2.2316666666666407	[2.2]	0.54	15.8925	1.7	28.17
03_0038	Gourd, pointed, boiled* (without salt)	Potol siddha, lobon chara	Trichosanthes dioica	03 Vegetables and their products	1.0	28.0	91.64204545454547	2.318181818181819	0.3674242424242424	2.535984848484819	[2.5]	0.5645454545454547	20.133948863636363	1.7	26
03_0019	Gourd, ridge, raw	Jhinga	Luffa acutangula	03 Vegetables and their products	0.82	29.0	92.39999999999999	1.275	0.35	4.575000000000017	1.1	0.3	20.733333333333334	1.2583333333333335	38.779999999999994
03_0020	Gourd, snake, raw	Chichinga	Trichosanthes anguina	03 Vegetables and their products	0.98	24.0	93.39	0.5	0.3	4.510000000000005	[0.8]	0.5	31.27666666666667	0.3792333333333333	38.779999999999994
03_0021	Gourd, sponge, raw	Dhundul	Luffa cylindrica	03 Vegetables and their products	0.94	24.0	92.88	0.89	0.15000000000000002	4.280000000000001	1.1	0.7	19.15	0.6	38.779999999999994
03_0022	Gourd, teasle, raw	Kakrol	Momordica dioica	03 Vegetables and their products	0.85	61.0	83.6825	1.9066666666666665	0.46666666666666673	11.769166666666663	1.1	1.075	27.276666666666667	2.5691499999999996	51.76
03_0039	Gourd, teasle, boiled* (without salt)	Kakrol siddha, lobon chara	Momordica dioica	03 Vegetables and their products	1.0	69.0	81.45738636363636	2.166666666666667	0.5303030303030304	13.374053030303026	1.25	1.2	31	2.6	46
03_0023	Okra/ladies finger, raw	Dheros	Abelmoschus esculentus	03 Vegetables and their products	0.84	39.0	87.74444444444445	2.112857142857143	0.16333333333333336	5.734365079365091	3.1	1.145	92.64999999999999	0.8989524999999999	37.12
03_0040	Okra/ladies finger, boiled* (without salt)	Dheros siddha, lobon chara	Abelmoschus esculentus	03 Vegetables and their products	1.0	32.0	90.01990589938474	1.7205677059097253	0.13300760043431054	4.669678403391768	2.5244299674267103	0.8578175895765471	72	0.7	24
03_0046	Lady's finger-tomato bhuna*	Dheros-tomato bhuna	Abelmoschus esculentus	03 Vegetables and their products	1.0	127.0	72.05316771461793	3.4106476541416084	7.447627406488675	8.991881568463674	5.0055537988968615	3.088512312411663	128.02840093639404	1.444056294111692	565.3153924680407
03_0024	Onion, raw	Piaj	Allium cepa	03 Vegetables and their products	0.87	59.0	83.73	1.375	0.074	12.215999999999994	1.93	0.675	23.969	0.9416175261847727	11.119
03_0025	Papaya, unripe, raw	Kancha pepe	Carica papaya	03 Vegetables and their products	0.66	30.0	90.61666666666667	0.7833333333333333	0.07500000000000001	5.714999999999989	1.5	1.31	14.586666666666668	0.5963625	7
03_0041	Papaya, unripe, boiled* (without salt)	Kacha pepe siddha, lobon chara	Carica papaya	03 Vegetables and their products	1.0	32.0	89.93204577968528	0.8404864091559371	0.08047210300429186	6.131974248927027	1.6094420600858368	1.4	17	0.5743260461373391	8
03_0026	Peas, raw	Motorshuti	Pisum sativum	03 Vegetables and their products	0.53	91.0	74.25	6.95	0.35	12.500000000000014	5.1	0.85	43.07666666666666	1.5586666666666666	5
03_0027	Plantain, raw 	Kancha kola	Musa paradisiaca	03 Vegetables and their products	0.58	77.0	78.91083333333333	1.9500000000000002	0.30000000000000004	15.539166666666674	2.3	1	[22]	0.6	4
03_0042	Plantain, boiled* (without salt)	Kancha kola siddha, lobon chara	Musa paradisiaca	03 Vegetables and their products	1.0	76.0	79.32434640522877	1.911764705882353	0.2941176470588236	15.234477124183012	2.2549019607843137	1	22	0.6	4.768627450980392
03_0028	Pumpkin, raw	Mistikumra	Cucurbita maxima	03 Vegetables and their products	0.79	18.0	93.875	1.4	0.3	1.3249999999999886	2.4	0.7	51.82	0.7	8
03_0043	Pumpkin, boiled* (without salt)	Mistikumra siddha, lobon chara	Cucurbita maxima	03 Vegetables and their products	1.0	29.0	90.4296875	2.1875	0.46875	2.0703124999999822	3.75	1.1	79	1.1	13
03_0029	Radish, raw	Mula	Raphanus sativus	03 Vegetables and their products	0.99	18.0	94.33533333333334	0.8949999999999998	0.1	2.4788974358974514	1.6	0.5907692307692307	23.914375000000003	0.39659375	40.37583333333333
03_0044	Radish, boiled* (without salt)	Mula siddha, lobon chara	Raphanus sativus	03 Vegetables and their products	1.0	24.0	92.42691622103388	1.1965240641711226	0.1336898395721925	3.3140340052104964	2.13903743315508	0.7503085150143972	34.75087733957219	0.5447129846256684	33.13731060606061
03_0030	Tomato, green, raw	Kancha tomato 	Lycopersicon esculentum	03 Vegetables and their products	0.98	23.0	93.25	1.9	0.2	2.522999999999982	1.7	0.427	16.216666666666665	0.3174	7
03_0031	Tomato, red, ripe, raw	Paka tomato 	Lycopersicon esculentum	03 Vegetables and their products	0.997	16.0	95.01	1.106	0.248	1.4499999999999886	1.65	0.536	12.952	0.19721078929539285	6.797
03_0045	Tomato, red, ripe, boiled* (without salt)	Paka tomato siddha, lobon chara	Lycopersicon esculentum	03 Vegetables and their products	1.0	30.0	90.62030075187968	2.0789473684210527	0.46616541353383456	2.7255639097744147	3.101503759398496	1	24	0.4	11
03_0032	Turnip, raw	Shalgom	Brassica rapa	03 Vegetables and their products	0.7366666666666667	26.0	92.1425	1.1375	0.2	4.069999999999993	1.8	0.6499999999999999	31.5	0.41852500000000004	41
04_0001	Agathi, raw	Bok ful shak	Sesbania grandiflora	04 Leafy vegetables	1.0	88.0	73.1	8.4	1.8	5.700000000000003	7.9	3.1	1130	3.9	
04_0002	Alligator weed, raw	Malancha shak	Alternanthera philoxeroides	04 Leafy vegetables	0.75	57.0	84.70750000000001	4.91315	1.1864	6.617949999999979		2.575	[19]	[0.5]	
04_0003	Amaranth, leaves, spiney, raw	Kanta notay shak	Amaranthus spinosus	04 Leafy vegetables	0.79	51.0	81.82411666666667	4.8033	0.25	5.21008333333333	4.35	3.5625	639.5	[14.4]	56
04_0004	Amaranth, leaves, red, raw	Lal shak	Amaranthus gangeticus	04 Leafy vegetables	0.69	32.0	88.77333333333333	4.53	0.3371428571428572	0.4728571428571513	4.23	1.6566666666666665	255.6875	5.99906	59
04_0032	Amaranth, leaves, red, boiled* (without salt)	Lal shak siddha, lobon chara	Amaranthus gangeticus	04 Leafy vegetables	1.0	37.0	86.76100628930816	5.341981132075472	0.3975741239892184	0.5576145552560746	4.988207547169812	2	287.21477004716985	5.3317158018867925	52.79009433962264
04_0005	Amaranth, leaves, green, raw	Sobuj data shak	Amaranthus gangeticus	04 Leafy vegetables	0.79	25.0	90.96111111111112	1.9883333333333333	0.274	1.4790555555555471	4.35	0.9475	170.96333333333334	8.3867575	36
04_0033	Amaranth, leaves, green, boiled* (without salt)	Sobuj data shak siddha, lobon chara	Amaranthus gangeticus	04 Leafy vegetables	1.0	30.0	89.34093291404615	2.3447327044025155	0.3231132075471698	1.74416928721173	5.129716981132075	1.0614681603773584	192.2997248427673	7.443476562500001	32.44811320754717
04_0006	Dock leaves, raw	Chukai shak, bivinno projati	Rumex vesicarius, Rumex crispus, Rumex lanceolatus	04 Leafy vegetables	1.0	46.0	86.4	3.1166666666666667	0.7	5.933333333333337	[1.8]	2.05	74.33333333333333	6.6499999999999995	[14]
04_0007	Beet greens leaves	Beet shak	Beta vulgaris	04 Leafy vegetables	0.535	31.0	88.71000000000001	2.8	0.465	2.059999999999988	3.7	2.265	248.5	2.57	[226]
04_0008	Bengal dayflower, leaves, raw	Bat baitta shak	Commelina benghalensis	04 Leafy vegetables	0.71	22.0	92.28666666666668	2.0413	0.2629	2.225133333333318	[1.4]	1.744	113	[7.1]	20.7
04_0009	Bitter gourd leaves, green, raw	Korola shak	Momordica charantia	04 Leafy vegetables	0.38	55.0	83.97	4.866	0.5449999999999999	6.076499999999996	3.125	1.4175	110.485	[5.2]	30.936666666666667
04_0010	Bottle gourd leaves, raw	Lau shak	Lagenaria siceraria	04 Leafy vegetables	0.71	26.0	90.22833333333334	2.498571428571428	0.5785714285714285	0.5678571428571502	4.38	1.7466666666666668	93.91499999999999	3.11851	40.92
04_0011	Bugleweed, raw  	Sabarang	Ajuga macrosperma	04 Leafy vegetables	0.71	43.0	88.63	2.57	1.29	4.560000000000002	[1.3]	1.7	49.34	2.8	
04_0012	Cassava, leaves, raw	Simei alu shak	Manihot esculenta	04 Leafy vegetables	0.85	62.0	82.37233333333333	4.704866666666667	1.2004666666666666	5.670866666666669	4.8	1.2514666666666665	200.94	4.8626	21.93
04_0013	Colocasia leaves, black, raw	Kalo kochu shak	Colocasia esculenta	04 Leafy vegetables	0.7	62.0	81.8	5.585	1.23	5.325000000000003	3.7	2.3600000000000003	391.6666666666667	2.13	48
04_0014	Colocasia leaves, green, raw	Shobuj kochu shak	Colocasia esculenta	04 Leafy vegetables	0.8	51.0	84.71166666666666	4.0371428571428565	1.06	4.371190476190478	3.7	2.1199999999999997	234.66666666666666	4.9365000000000006	46.739999999999995
04_0015	Cowpea, leaves, raw	Borboti pata	Vigna unguiculata	04 Leafy vegetables	0.8	34.0	89	3.4	0.7	1.7000000000000028	3.6	1.6	290	5.1	43.579918275157645
04_0016	Dima leaves, raw	Dima shak	Glinus oppositifolius	04 Leafy vegetables	0.71	33.0	91.07333333333334	1.7240000000000002	1.0346666666666666	3.5779999999999887	[1.0]	1.56			
04_0017	Drumstick, leaves, raw	Sajna pata	Moringa oleifera	04 Leafy vegetables	0.75	72.0	79.725125	6.7	1.7995333333333334	4.575841666666662	5.2	1.9994999999999998	440	0.85	30
04_0018	Farn, leaves, raw	Dheki shak	Diplazium esculentum	04 Leafy vegetables	1.0	68.0	82.26666666666667	1.305	0.6459999999999999	13.731333333333325	[1.0]	1.08			
04_0019	Fenugreek, leaves, raw	Methi shak	Trigonella foenum-graecum	04 Leafy vegetables	0.59	50.0	86.1	4.4	0.9	5	[2.1]	1.5	395	1.9	76
04_0020	Indian spinach, raw	Pui shak	Basella alba	04 Leafy vegetables	0.71	25.0	91.82285714285715	2.367142857142857	0.31428571428571433	2.105714285714285	2.18	1.21	111.16999999999999	2.200276666666667	69.37
04_0036	Indian spinach, boiled* (without salt)	Pui shak siddha, lobon chara		04 Leafy vegetables		33.0	89.24060150375941	3.1146616541353382	0.4135338345864662	2.7706766917293226	2.868421052631579	1.5921052631578947	139.82434210526313	2.2002730263157897	69.13618421052632
04_0021	Jute leaves, raw	Pat shak	Corchorus capsularis	04 Leafy vegetables	0.69	32.0	87.5575	2.88	0.2675	1.7399999999999949	5.75	1.8050000000000002	119.66000000000001	[9.7]	59.97
04_0022	Pumpkin leaves, raw	Misti kumra shak	Cucurbita maxima	04 Leafy vegetables	0.71	29.0	90.82749999999999	2.4419999999999997	0.44000000000000006	2.790500000000023	[2.1]	1.4	40	2.22	11
04_0023	Radish leaves, raw	Mula shak	Raphanus sativus	04 Leafy vegetables	0.9	32.0	90.7125	1.8466666666666667	0.6857142857142858	3.3684523809523768	2.58	0.8066666666666666	146.96	2.8386299999999998	69.875
04_0024	Slender amaranth leaves, raw	Notay shak	Amaranthus viridis	04 Leafy vegetables	0.79	47.0	83.93333333333334	4.1	0.5	4.316666666666677	4.35	2.8	226.66666666666666	5.4	56
04_0034	Slender amaranth leaves, boiled* (without salt)	Notay shak siddha, lobon chara	Amaranthus viridis	04 Leafy vegetables	1.0	55.0	81.05345911949688	4.834905660377359	0.589622641509434	5.090408805031458	5.129716981132075	3.3	254.70322327044022	4.80188679245283	50.13679245283019
04_0025	Spinach, raw 	Palong shak	Spinacia oleracea	04 Leafy vegetables	0.87	26.0	90.76555555555558	2.967142857142857	0.48714285714285716	0.8801587301586977	2.92	1.9799999999999998	89.6875	2.2457533333333335	171
04_0035	Spinach, boiled* (without salt)	Palong shak siddha, lobon chara		04 Leafy vegetables	1.0	47.0	83.14882400648828	5.414494264859228	0.888946819603754	1.60612906963266	5.328467153284672	3.613138686131386	156.67541058394158	3.113713503649635	234.97445255474454
04_0026	Sweet potato leaves, raw	Misti alu shak	Ipomoea batatas 	04 Leafy vegetables	1.0	45.0	84.00712499999999	4.020149999999999	0.7652625	1.7699625000000054	7.327999999999999	2.1094999999999997	194.092	2.665479166666669	46.68333333333334
04_0027	Sweet potato leaves, SP4,  dark green, mature, raw	Misti alu shak (SP4)	Ipomoea batatas 	04 Leafy vegetables	1.0	45.0	83.287	3.8823	0.3822	2.7665000000000077	7.695	1.987	197.55	2.785499999999999	67.37
04_0028	Sweet potato leaves, SP7,  dark green, mature, raw	Misti alu shak (SP7)	Ipomoea batatas 	04 Leafy vegetables	1.0	45.0	82.374	4.93	0.344	1.2199999999999989	8.458	2.674	116.61	2.9376666666666673	62.68
04_0029	Sweet potato leaves, SP8, light green, mature, raw	Misti alu shak (SP8)	Ipomoea batatas 	04 Leafy vegetables	1.0	50.0	82.556	3.6189	0.4159	3.8732000000000113	8	1.577	106.3	2.907333333333334	51.264578757728025
04_0030	Water spinach, raw	Kolmee shak	Ipomoea aquatica	04 Leafy vegetables	0.71	43.0	87.09666666666668	1.9216666666666666	0.384	6.022666666666666	3.71	0.865	107	2.1975966666666666	107.44
04_0031	Watercress, raw	Helencha shak	Enhydra fluctuans	04 Leafy vegetables	0.75	49.0	87.3925	2.046	0.4675	8.793999999999997	0.5	0.8	31	1.899	49
05_0001	Colocasia/Taro, corm, raw	Kochur Mukhi	Colocasia esculenta	05 Starchy roots, tubers and their products	0.835	103.0	71.054	2.248333333333333	0.17250000000000001	21.021166666666673	4.1	1.4040000000000001	34.8	0.7	11
05_0011	Colocasia/Taro, boiled* (without salt)	Kochur Mukhi siddha, lobon chara	Colocasia esculenta	05 Starchy roots, tubers and their products	1.0	115.0	67.54932735426009	2.520553064275037	0.19338565022421528	23.566330343796718	4.596412556053812	1.6	40	0.82847533632287	12.179372197309418
05_0002	Colocasia/Taro/Tannia, cormel, raw	Dudh kochu	Xanthosoma violaceum	05 Starchy roots, tubers and their products	0.87	101.0	71.89	2.1550000000000002	0.16999999999999998	20.644999999999996	4.1	1.04	40	0.93	9
05_0017	Colocasia/Taro/Tannia, cormel, boiled* (without salt)	Dudh kochu siddha, lobon chara	Xanthosoma violaceum	05 Starchy roots, tubers and their products	1.0	113.0	68.48654708520179	2.4159192825112115	0.19058295964125557	23.144618834080713	4.596412556053812	1.2	45.53811659192825	1.068273542600897	10.385650224215247
05_0003	Elephant foot, corm, raw 	Ole Kochu	Amorphophallus  campanulatus	05 Starchy roots, tubers and their products	0.8	74.0	78.7	1.2	0.12000000000000001	15.079999999999998	4.1	0.8	50	0.6	9
05_0018	Elephant foot, corm, boiled* (without salt)	Ole kochu siddha, lobon chara	Amorphophallus  campanulatus	05 Starchy roots, tubers and their products	1.0	83.0	76.12107623318386	1.345291479820628	0.1345291479820628	16.905829596412556	4.596412556053812	0.8520179372197308	56.18834080717489	0.7242152466367713	10.385650224215247
05_0004	Giant taro, corm, raw 	Mankochu 	Alocasia macrorrhizos	05 Starchy roots, tubers and their products	0.84	82.0	76.69	1.455	0.185	16.560000000000002	4.1	1.01	46	0.98	9
05_0019	Giant taro, corm, boiled* (without salt)	Mankochu siddha, lobon chara	Alocasia macrorrhizos	05 Starchy roots, tubers and their products	1.0	92.0	73.86771300448432	1.6311659192825112	0.20739910313901347	18.565022421524667	4.596412556053812	1.0756726457399102	51.92825112107623	1.1204035874439462	10.385650224215247
05_0005	Potato, Diamond, raw	Gol alu, Diamond jat, khosa chara	Solanum tuberosum	05 Starchy roots, tubers and their products	0.84	66.0	81.71	1.193	0.156	14.006	2.065	0.87	11.463	0.506625	16.306
05_0012	Potato, Diamond, boiled* (without salt)	Gol alu siddha, lobon chara	Solanum tuberosum	05 Starchy roots, tubers and their products	1.0	67.0	81.48785425101214	1.20748987854251	0.15789473684210525	14.176113360323885	2.090080971659919	0.9	13.673937246963563	0.5659526821862348	15.292307692307695
05_0021	Potato Mash*	Alu siddha, lobon soho		05 Starchy roots, tubers and their products	1.0	84.0	76.9580848266126	1.4498338934323036	0.7538674713375799	16.6	2.5306270903756944	1.8	13.670247848506452	0.5953293120579934	309.50834782615556
05_0006	Sweet potato, Komola Sundori, orange flesh, raw	Misti alu, Komola Sundori	Ipomaea bata	05 Starchy roots, tubers and their products	0.84	97.0	73.7	0.9	0.3	21.11	3	0.99	30	0.61	22
05_0016	Sweet potato, Komola Sundori, orange flesh, boiled* (without salt)	Misti alu, Komola Sundori, siddha, lobon chara	Ipomaea bata	05 Starchy roots, tubers and their products	1.0	98.0	73.38056680161942	0.9109311740890688	0.30364372469635625	21.3663967611336	3.0364372469635628	0.951923076923077	31.497975708502025	0.6632591093117409	19.902834008097166
05_0007	Sweet potato, pale-yellow flesh, raw 	Misti alu, holdey	Ipomaea bata	05 Starchy roots, tubers and their products	0.84	105.0	71.70571428571428	0.8991666666666666	0.2833333333333333	23.11892857142857	3	0.9928571428571428	25.14833333333333	1.04	22.425
05_0013	Sweet potato, pale-yellow flesh, boiled* (without salt)	Misti alu, holdey, siddha, lobon chara	Ipomaea bata	05 Starchy roots, tubers and their products	1.0	106.0	71.36205899363794	0.9100877192982455	0.286774628879892	23.399725274725274	3.0364372469635628	0.9546703296703294	26.832911605937916	1.068016194331984	20.246963562753038
05_0008	Sweet potato, skin purple, flesh pale-yellow, raw (without skin)	Misti alu, Lal khosa	Ipomaea bata	05 Starchy roots, tubers and their products	0.84	104.0	71.75	0.635	0.26	23.35499999999999	3	1	32	1.4409	22
05_0015	Sweet potato, skin purple, flesh pale-yellow, boiled* (without salt)	Misti alu, lal khosa, siddha, lobon chara	Ipomaea bata	05 Starchy roots, tubers and their products	1.0	106.0	71.40688259109311	0.6427125506072874	0.2631578947368421	23.638663967611325	3.0364372469635628	0.9615384615384616	33.421052631578945	1.4453815789473685	19.902834008097166
05_0009	Sweet potato, white flesh, raw 	Misti Alu, sada	Ipomaea bata	05 Starchy roots, tubers and their products	0.84	98.0	73.52250000000001	0.615	0.26	21.79583333333332	3	0.8066666666666666	24.5	1.5150000000000001	20.55
05_0014	Sweet potato, white flesh, boiled* (without salt)	Misti alu, sada, siddha, lobon chara	Ipomaea bata	05 Starchy roots, tubers and their products	1.0	99.0	73.2009109311741	0.6224696356275303	0.2631578947368421	22.060560053981092	3.0364372469635628	0.7756410256410255	26.20951417004048	1.5151315789473687	18.72874493927126
05_0010	Yam, tuber, raw	Bon Alu, bivinno projati	Dioscorea spp.	05 Starchy roots, tubers and their products	0.81	97.0	73.07000000000001	1.53	0.17	20.310000000000002	4.1	0.82	17	0.8	9
05_0020	Yam, tuber, boiled* (without salt)	Bon alu siddha, lobon chara	Dioscorea spp.	05 Starchy roots, tubers and their products	1.0	109.0	69.80941704035874	1.7152466367713004	0.19058295964125563	22.76905829596413	4.596412556053812	0.8733183856502241	21.042600896860986	0.9327354260089687	10.385650224215247
06_0001	Sunflower seeds, dried	Surjomukhi bij	Helianthus annuus 	06 Nuts, seeds and their products	0.54	552.0	4.73	17.144137142857144	40.139333333333326	26.366529523809533	8.6	3.02	78	5.25	9
06_0002	Cashew nuts, raw	Hizlee badam	Anacardium occidentale	06 Nuts, seeds and their products	1.0	595.0	5.9	17.9776	46.9	23.52239999999999	3.3	2.4	50	5	12
06_0003	Chilgoza pine, dried	Chilgoza	Pinus gerardiana	06 Nuts, seeds and their products	1.0	712.0	2.8599999999999994	13.695	68.385	8.696666666666673	3.7	2.6633333333333336	41	4.886666666666667	2
06_0004	Coconut milk	Narikel dudh	Cocos nucifera	06 Nuts, seeds and their products	1.0	213.0	71.99	2.06	21.715	1.2000000000000028	2.2	0.835	17.5	3	13.5
06_0005	Coconut, desiccated	Narikel, shukna 	Cocos nucifera	06 Nuts, seeds and their products	1.0	652.0	4.266666666666667	5.6	62.199999999999996	8.533333333333346	17.8	1.6	31.5	4.7	28
06_0006	Coconut, mature kernel	Narikel	Cocos nucifera	06 Nuts, seeds and their products	0.7749999999999999	389.0	42.89857142857143	3.3324999999999996	36.665	6.90726190476191	9.166666666666668	1.03	15.71590909090909	2.1653246753246753	16.416666666666668
06_0007	Groundnuts/ Peanut, raw	China badam	Arachis hypogaea	06 Nuts, seeds and their products	0.73	585.0	5.266666666666667	22.493798400000003	46.580000000000005	14.794534933333338	8.5	2.365	75.5	2.87	10
06_0008	Jackfruit seeds, raw	Kathal er bichi	Artocarpus heterophyllus	06 Nuts, seeds and their products	0.94	151.0	60.129999999999995	5.596799999999999	0.41	30.393200000000007	[1.5]	1.9766666666666666	39.85	1.5	63.2
06_0009	Linseed, tisi, raw	Tisi	Linum usitatissimum	06 Nuts, seeds and their products	1.0	500.0	6.5	17.2144	39.12	6.145600000000002	27.3	3.72	255	5.73	30
06_0010	Lotus seeds, dried	Poddo gota, shukna	Nelumbo nucifera	06 Nuts, seeds and their products	1.0	339.0	12.653333333333334	16.305	2.185	61.56	[4.1]	3.1966666666666668	146.5	5.6433333333333335	5
06_0011	Lotus seeds, green	Poddo gota, kancha	Nelumbo nucifera	06 Nuts, seeds and their products	0.53	74.0	80.8	4.13	0.615	12.470000000000013	[0.9]	1.085	46.5	0.95	1
06_0012	Mustard seeds, dried	Sarisha	Brassica spp.	06 Nuts, seeds and their products	1.0	501.0	8.5	22.0	35.00432809036208	18.51165417502375	11.784017734614165	4.2	256.9302227383089	8.89596748654069	12.556740209015095
06_0013	Pistachio nuts, dried	Pesta	Pistacia vera	06 Nuts, seeds and their products	0.515	574.0	4.503333333333333	19.220133333333333	44.894999999999996	18.178200000000004	10.3	2.9033333333333338	117.33333333333333	5.256666666666667	1
06_0014	Pumpkin seeds, dried	Mistikumrar bichi	Cucurbita maxima	06 Nuts, seeds and their products	0.8133333333333334	580.0	6.276666666666666	25.0788	47.28333333333333	10.621200000000002	6	4.74	45	8.106666666666667	12.5
06_0015	Sesame seeds, whole, dried	Til	Sesamum indicum	06 Nuts, seeds and their products	1.0	563.0	5.3	17.73	45.75	14.295521980904411	11.724478019095583	5.2	969	10.5	10.929598153394188
06_0016	Walnuts	Akhrot	Juglans regia	06 Nuts, seeds and their products	0.45	684.0	4.5	15.23	64.5	7.269999999999996	6.7	1.8	100	4.8	2
07_0001	Bay leaf, dried	Tejpata	Laurus nobilis	07 Spices, condiments and herbs	1.0	353.0	5.44	7.61	8.36	48.67	26.3	3.62	834	43	23
07_0002	Cardamom	Elach	Elettaria cardamomum	07 Spices, condiments and herbs	1.0	261.0	20	10.2	2.2	37.777845617095515	24.42215438290449	5.4	130	[4.6]	15.699956389010032
07_0003	Chilli, red, dry	Shukna morich	Capsicum frutescens	07 Spices, condiments and herbs	0.94	313.0	10	15.9	6.2	35.176835236541606	26.6231647634584	6.1	160	2.3	30
07_0004	Cinnamon, ground	Darchini gura		07 Spices, condiments and herbs	1.0	243.0	10.58	3.99	1.24	27.49000000000001	53.1	3.6	1000	8.32	10
07_0005	Cloves, dried	Labongo	Syzygium aromaticum	07 Spices, condiments and herbs	1.0	267.0	25.2	5.2	8.9	27.365971374681024	28.134028625318983	5.2	740	4.9	229.8857206257628
07_0006	Coriander leaves, raw	Dhone pata	Coriandrum sativum	07 Spices, condiments and herbs	0.7	30.0	87.88333333333333	3.3433333333333324	0.5233333333333333	0.09500000000001307	5.92	2.235	160.44333333333333	1.42	58.3
07_0007	Coriander seed, dry	Dhonia	Coriandrum sativum	07 Spices, condiments and herbs	1.0	336.0	11.2	14.1	16.1	13.375773535220532	40.82422646477946	4.4	630	17.9	34.10138248847926
07_0008	Cumin seeds	Jira	Cuminum cyminum	07 Spices, condiments and herbs	1.0	402.0	9.99	18.2525	17.6175	37.233333333333334	10.5	6.406666666666666	1020	44.515	148
07_0009	Fennel seeds	Mauri	Foeniculum vulgare	07 Spices, condiments and herbs	1.0	329.0	8.270000000000001	15.800000000000002	14.89	13.030000000000001	39.8	8.21	1200	16.44666666666667	88
07_0010	Fenugreek seeds	Methi	Trigonella foenum-graecum	07 Spices, condiments and herbs	1.0	330.0	10.68	21.8	6.91	32.81	24.6	3.2	155.33333333333334	23.643333333333334	55
07_0011	Ginger root, raw	Ada	Zingiber officinale	07 Spices, condiments and herbs	0.8566666666666666	72.0	81.0975	1.905	0.7874999999999999	13.286666666666676	2	0.9233333333333333	17.25	1.1	12.333333333333334
07_0012	Indian pennywort, raw	Thankuni pata	Centella asiatica	07 Spices, condiments and herbs	0.9	37.0	84.46847142857143	2.2874142857142856	0.478175	1.554272619047623	8.66	2.5516666666666667	119.22333333333334	3.2341800000000003	[200]
07_0013	Lemon grass, raw	Lemon ghas	Cymbopogon citratus	07 Spices, condiments and herbs	0.65	116.0	70.28	1.36	0.895	[25.5]		1.9500000000000002	49.5	2.8	9
07_0014	Lemon peel, raw	Lebur khosa	Citrus aurantifolia	07 Spices, condiments and herbs	1.0	65.0	77.82499999999999	1.575	0.35000000000000003	8.65000000000002	10.6	1	[306]	0.8666666666666667	6
07_0015	Mace, ground	Jayitri, gura	Myristica fragrans	07 Spices, condiments and herbs	1.0	415.0	15.9	6.5	24.4	33.10038113906131	18.49961886093869	1.6	180	12.6	73.26581727104433
07_0016	Nutmeg, dried	Jayfol	Myristica fragrans	07 Spices, condiments and herbs	0.85	480.0	14.3	7.5	36.4	21.090082115815292	19.00991788418471	1.7	120	4.6	14.623013757065161
07_0017	Pepper, black	Golmorich	Piper nigrum	07 Spices, condiments and herbs	1.0	302.0	11.665	11.842873831775702	3.2866666666666666	43.50879283489096	25.3	4.396666666666667	442.5	16.6525	36
07_0018	Poppy seeds	Posto dana	Papaver somniferum	07 Spices, condiments and herbs	1.0	523.0	5.683333333333334	17.208734824281148	43.13	6.787931842385518	19.5	7.69	1490	9.575	23.5
07_0019	Spearmint leaves, fresh	Pudina pata	Mentha spicata	07 Spices, condiments and herbs	0.45	35.0	87.376	2.998	0.73	0.5709999999999837	6.91	1.415	110.12	15.6	30
07_0020	Turmeric, dried	Holud	Curcuma longa	07 Spices, condiments and herbs	1.0	335.0	11.453333333333333	6.9433333333333325	8.440000000000001	47.303333333333335	21.1	4.76	167.66666666666666	33.17333333333334	34.5
08_0001	Apple, without skin, raw	Apel, khosa chara	Pyrus malus/Malus domestica	08 Fruits	0.77	51.0	86.67	0.27	0.13	11.460000000000008	1.3	0.17	5	0.07	0
08_0002	Apple, with skin, raw	Apel, khosa soho	Pyrus malus/Malus domestica	08 Fruits	0.9	62.0	83.28	0.33666666666666667	0.19000000000000003	13.548333333333318	2.4	0.245	6	0.12	1
08_0003	Asian pears, raw	Nashpati	Pyrus pyrifolia	08 Fruits	0.85	62.0	83	0.6	0.3	12.300000000000011	3.6	0.2	6	0.5	6
08_0004	Banana, Sagar, ripe, raw	Kola, Sagar, paka	Musa paradisiaca	08 Fruits	0.74	95.0	75.22	1.259	0.838	19.23900000000002	2.6	0.844	11.341	0.285784176637765	9.869
08_0005	Breadfruit, raw	Madar	Artocarpus altilis	08 Fruits	0.78	70.0	79.5	1.5	0.2	12.999999999999986	4.9	0.9	40	0.5	2
08_0006	Bullocks Heart, ripe, raw	Nona ata	Annona reticulata	08 Fruits	0.72	81.0	76.8	1.4	0.2	15.699999999999989	[5.2]	0.7	10	0.6	6
08_0007	Carambola, raw	Kamranga	Averrhoa carambola	08 Fruits	1.0	41.0	88.695	0.54	0.7150000000000001	6.709999999999994	2.8	0.54	9.5	0.8223333333333332	4
08_0008	Custard apple, raw	Atafol	Annona squamosa	08 Fruits	0.45	85.0	76.06333333333333	1.8166666666666667	0.26333333333333336	16.556666666666658	4.4	0.9	17.15	1.0170000000000001	9
08_0009	Dates, dried	Khorma	Phoenix dactylifera	08 Fruits	0.75	301.0	18	2.2	0.6	67.5	8.3	3.4	62.85	1.9	14.068627450980394
08_0010	Dates, raw	Khejur, paka, taza	Phoenix sylvestris	08 Fruits	0.75	150.0	59.2	1.2	0.4	33.370243902439015	4.129756097560976	1.7	22	0.96	7
08_0011	Elephant apple, ripe, raw	Kodbel	Limonia acidissima	08 Fruits	0.75	64.0	80.86	3.0666666666666664	0.39333333333333337	10.329999999999998	3.54	1.81	73.7	0.7060000000000001	2
08_0012	Emblic, raw	Amloki	Phyllanthus emblica	08 Fruits	0.89	44.0	86.69	0.7999999999999999	0.10666666666666667	8.303333333333327	[3.4]	0.7	32.016666666666666	0.9434625000000001	4
08_0013	Fig, ripe, raw	Dumur, paka	Ficus carica	08 Fruits	0.99	40.0	88.1	1.3	0.2	6.6810596026490146	3.1189403973509933	0.6	80	[1.1]	1
08_0014	Grapes, green, raw	Angur, halka sobuj	Vitis vinifera	08 Fruits	0.95	94.0	75.3	0.5	0.6175000000000002	20.18249999999999	[2.9]	0.5	22	0.5	2
08_0015	Guava, green, raw	Peyara, bivinno variety,  kancha	Psidium guajava	08 Fruits	1.0	63.0	81.42580952380952	1.0133333333333334	0.5	10.92552380952381	5.4	0.7353333333333332	17.476	0.6603999999999999	5.5
08_0016	Hog plum, raw	Amra	Spondias pinnata	08 Fruits	0.65	51.0	86.664	1.076	0.8475	8.892500000000013	[1.6]	0.9433333333333334	56.7	2.797333333333333	1
08_0017	Jackfruit, ripe, raw	Kathal, paka	Artocarpus heterophyllus	08 Fruits	0.37	74.0	76.99	1.195	0.204	13.28600000000003	7.24	1.085	13.14857142857143	0.32040226989154424	0.662
08_0018	Jambolan, raw	Kalojam	Syzygium cumini	08 Fruits	0.81	39.0	88.234	0.8725	0.47750000000000004	6.116	3.5	0.8000000000000002	22.755	0.840785	28
08_0019	Jambos, raw	Jamrul	Syzygium jambos	08 Fruits	1.0	40.0	89.5	0.7	0.3	8	[1.2]	0.3	9.05	0.3185	34.1
08_0020	Java apple, raw	Golapjam	Syzygium samarangense	08 Fruits	1.0	35.0	89.855	0.67	0.21	6.894999999999996	[1.6]	0.81	9.5	0.3	6
08_0021	Jujube, raw	Boroi	Ziziphus mauritiana	08 Fruits	0.85	60.0	84.3	1.88	0.2	12.620000000000005		1	14	0.80025	6.5
08_0022	Lemon, Kagoji, raw	Lebu, Kagoji	Citrus aurantifolia	08 Fruits	0.76	56.0	86	0.8233333333333334	1.0	10.181666666666672	[1.3]	0.695	65	0.3	2
08_0023	Lime, sweet, raw	Mushambee	Citrus limetta	08 Fruits	0.7	42.0	89.30000000000001	0.7	0.44999999999999996	8.499999999999986	[0.5]	0.55	34.5	0.5	2
08_0024	Lychee, raw	Lichu	Litchi chinensis	08 Fruits	0.68	62.0	81.7925	1.4169230769230767	0.4784615384615385	10.184448717948712	5.511000000000001	0.6166666666666666	10.6	0.46149999999999997	0.8
08_0025	Mango, Fazli, orange flesh, ripe, raw	Aam, Fazli, paka	Mangifera indica	08 Fruits	0.69	70.0	81.695	0.9274999999999999	0.5	14.717500000000015	1.6	0.56	14	0.5	1.4
08_0026	Mango, Langra, yellow flesh, ripe, raw	Aam, Langra, paka	Mangifera indica	08 Fruits	0.69	82.0	78.44	0.791	0.411	18.033500000000004	1.5675000000000001	0.757	12.608	0.23667090941011235	0.422
08_0027	Melon, Futi, orange flesh, ripe, raw	Futi, paka	Cucumis melo	08 Fruits	0.9	17.0	94.955	0.305	0.22999999999999998	3.1400000000000006	0.8	0.5700000000000001	17.23	0.24576	2.86
08_0028	Monkey-jack, yellowish-orange flesh, raw	Dewa	Artocarpus lacucha	08 Fruits	0.71	103.0	72.33	1.2333333333333334	0.71	21.116666666666674	3.63	0.98	56.84	0.778	[46]
08_0029	Muskmelon, Bangee, light orange flesh, ripe, raw	Bangee, paka	Cucumis melo	08 Fruits	0.9	16.0	95.5	0.3	0.2	2.799999999999997	0.8	0.4	21	Tr	7
08_0030	Orange juice, raw (unsweetened)	Komolar ross	Citrus reticulata	08 Fruits	1.0	9.0	97.7	0.2	0.1	1.7000000000000028	0.2	0.1	5	0.7	10
08_0031	Orange, raw	Komola	Citrus aurantium, Citrus reticulata	08 Fruits	0.67	44.0	87.7	0.6799999999999999	0.2	8.719999999999985	2.4	0.3	23.415	0.2435	4.5
08_0032	Orange, sweet, ripe, raw 	Malta, paka	Citrus sinensis	08 Fruits	0.67	49.0	86.3	0.2	0.1	10.700000000000003	2.4	0.3	31	0.1	2
08_0033	Palmyra palm, cotyledon, raw	Kochi taal er shas	Borassus flabellifer	08 Fruits		31.0	91.94999999999999	0.6	0.1	6.850000000000023	[0.3]	0.2	43	0.5	
08_0034	Palmyra palm, pulp, orange flesh, ripe, raw	Taal, paka	Borassus flabellifer	08 Fruits	0.35	78.0	79.68549999999999	0.5496666666666666	0.3933333333333333	17.818525000000008	[0.7]	0.8729750000000001	15.745999999999999	1.6688666666666665	2
08_0035	Papaya, ripe, raw	Pepe, paka	Carica papaya	08 Fruits	0.75	33.0	90.4725	0.61	0.1466666666666667	6.455833333333345	1.7	0.615	28.682000000000006	0.34869500000000003	4
08_0036	Persimmon, ripe, raw	Gab, Bilati, paka	Diospyros spp.	08 Fruits	0.84	67.0	81.15333333333332	0.6559999999999999	0.1975	13.935666666666677	3.6	0.4575	23.833333333333332	0.182	4.666666666666667
08_0037	Pineapple, Joldugee, ripe, raw	Anaros, Joldugee, paka	Ananas comosus	08 Fruits	0.6	43.0	88.74000000000001	0.8166666666666665	0.39	8.328333333333319	1.4	0.325	20.406666666666666	1.6	41.81
08_0038	Pineapple, ripe, raw	Anaros, paka	Ananas comosus	08 Fruits	0.62	47.0	87.215	0.958	0.135	9.696999999999989	1.4	0.595	17.883333333333333	0.6674	12.983333333333334
08_0039	Pomegranate, ripe, with seed, raw	Bedana, paka, bichi soho	Punica granatum	08 Fruits	0.8	67.0	80.9	1.6	0.2	12.700000000000003	4	0.6	21	0.3	0.9
08_0040	Pomelo, raw	Zambura	Citrus maxima	08 Fruits	0.77	38.0	89.92	0.445	0.33666666666666667	7.693333333333328	1	0.605	35.575	0.21049999999999996	1
08_0041	Tamarind, pulp, sweet, ripe, raw	Tetul, paka, misti	Tamarindus indica	08 Fruits	0.4066666666666667	270.0	27.890476190476193	3.2388714285714286	0.43333333333333335	60.75641904761905	5.1	2.5808999999999997	127	3.9529714285714292	18.778525000000002
08_0042	Watermelon, ripe, raw	Tarmuz, lal, paka	Citrullus vulgaris	08 Fruits	0.78	22.0	94.22333333333334	0.46499999999999997	0.2	4.381666666666646	0.4	0.32999999999999996	12.442499999999999	0.38766	17.47
08_0043	Woodapple, ripe, raw	Bel, paka	Aegle marmelos	08 Fruits	0.64	111.0	68.4575	2.9166666666666665	0.25	20.855833333333337	6.96	0.56	41.416000000000004	0.42124999999999996	6.92
09_0001	Anchovy, Gangetic hairfin, dried	Fesha, shutki	Setipinna phasa	09 Fish, shellfish and their products	1.0	328.0	10.3	70.9	4.9	0	0	11.9	1680	18	
09_0002	Anchovy, Gangetic hairfin, raw	Fesha	Setipinna phasa	09 Fish, shellfish and their products	1.0	105.0	74.8	17.735	3.76	0	0	3.035	451.5	1.7999999999999998	51
09_0003	Anchovy, Goldspotted grebadier, raw	Olua	Coilia dussumieri	09 Fish, shellfish and their products		71.0	79.94	13.16	2.08	0	0	3.34	449.25	4.45	60
09_0004	Anchovy, Scaly hairfin, raw	Fesha, Teli	Setipinna taty	09 Fish, shellfish and their products	1.0	101.0	75.25	19.26	2.7	0	0	2.79	327	2.3	40
09_0005	Barb, Olive, raw 	Sorpunti	Puntius sarana	09 Fish, shellfish and their products		175.0	70.55	17.40857142857143	11.701666666666668	0	0	1.7380000000000002	226.84000000000003	0.5655555555555556	43.1
09_0006	Barb, Olive, without bones, raw	Sorpunti, kata chara	Puntius sarana	09 Fish, shellfish and their products	0.54	175.0	70.55	17.40857142857143	11.701666666666668	0	0	1.3050000000000002	23.505	0.5655555555555556	43.1
09_0007	Barb, Pool barb, eyes included, raw	Punti, Vadi punti, chokh soho	Puntius sophore	09 Fish, shellfish and their products		139.0	71.59	17.6	7.645	0	0	4.855	967.3333333333334	2.6	53
09_0008	Barb, Pool barb, without bones, eyes included, raw	Punti, Vadi punti, chokh soho,  kata chara	Puntius sophore	09 Fish, shellfish and their products	0.77	94.0	76.5625	17.6025	2.5925	0	0	1.43	110	1.965	53
09_0009	Bata, raw	Bata	Labeo bata	09 Fish, shellfish and their products	0.77	106.0	74.55428571428573	15.906666666666666	4.74	0	0	2.146	492.84	1.1620000000000001	82.80295543756564
09_0010	Boal,without bones, raw	Boal, kata chara	Wallago attu	09 Fish, shellfish and their products	0.59	80.0	80.76249999999999	15.375	2.1075	0	0	1.3	83	0.7539999999999999	62.60079152600043
09_0011	Bronze featherback, raw	Foli	Notopterus notopterus	09 Fish, shellfish and their products	0.79	80.0	75.805	17.8	1.0	0	0	2.665	590	1.001	34
09_0012	Calbasu, without bones, raw	Kalbaush, kata chara	Labeo calbasu	09 Fish, shellfish and their products	0.9	95.0	76.74777777777778	17.04888888888889	2.9722222222222223	0	0	1.21625	13	1.0879999999999999	100.29391988555076
09_0013	Catfish, Bacha, raw	Bacha	Eutropiichthys vacha	09 Fish, shellfish and their products	0.76	122.0	72.175	16.12	6.4399999999999995	0	0	2.215	520	0.7	
09_0014	Catfish, Pabdah, raw	Pabda	Ompok pabda 	09 Fish, shellfish and their products	0.61	95.0	73.67999999999999	17.27	2.83	0	0	2.28	266.6666666666667	1.2066666666666668	104.6
09_0015	Catla, raw	Katla	Catla catla	09 Fish, shellfish and their products	0.59	103.0	76.69666666666667	19.85	2.5749999999999997	0	0	1.345	530	0.6039999999999999	55.8
09_0016	Chanda, Indian glaasy fish, eyes included, raw	Chanda, Ranga, chokh soho	Parambassis ranga	09 Fish, shellfish and their products	1.0	115.0	74.805	15.46	5.9	0	0	4.79	931	1.9500000000000002	61
09_0017	Climbing perch, indigenous, eyes included, raw 	Koi, deshi, chokh soho	Anabas testudineus	09 Fish, shellfish and their products	0.57	130.0	73.02833333333332	17.524	6.6075	0	0	2	410	1.2066666666666666	51.68
09_0018	Climbing perch, Thai, without bones, eyes included, raw	Koi, Thai, chokh soho	Anabas testudineus	09 Fish, shellfish and their products	0.57	139.0	73.02833333333332	17.524	7.66	0	0	1.47	64	1.2066666666666666	51.68
09_0019	Clown knifefish, without bones, raw	Chital, kata chara	Chitala chitala	09 Fish, shellfish and their products	0.8	96.0	77.32000000000001	17.759999999999998	2.7939999999999996	0	0	1	103.76666666666667	1.5533333333333335	113.5
09_0020	Common carp, without bones, raw	Common carp, kata chara	Cyprinus carpio	09 Fish, shellfish and their products	0.54	88.0	78.97	18.7	1.505	0	0	1.15	47	0.9	93.1
09_0021	Croaker, Blackspotted, without bones, raw	Poa, kata chara	Protonibea diacanthus	09 Fish, shellfish and their products	0.49	100.0	75.82	18.575	2.864	0	0	1.205	32.1	0.39249999999999996	76.5
09_0022	Day's mystus, combined species, eyes included, raw	Tengra, bivinno projati, chokh soho	Mystus tengara, Mystus bleekeri, Mystus gulio, Mystus vittatus	09 Fish, shellfish and their products	0.8200000000000001	114.0	73.559	18.183333333333334	4.564285714285715	0	0	4.03	627.25	2.7520000000000002	53.75
09_0072	Fish ball*	Macher kopta		09 Fish, shellfish and their products	1.0	220.0	48.514573688271604	15.660923062414266	6.699424813907045	21.7	5	2.070389231824417	47.656797839506176	2.4684037367380935	345.0405265082871
09_0023	Fish (Catla, Mrigal, Rohu), dorsal with skin, raw	Macher gada (Katla, Mrigal, Rui)	Catla catla, Cirrhinus cirrhosus, Labeo rohita	09 Fish, shellfish and their products		104.0	78.07333333333334	19.666666666666668	2.796666666666667	0	0	1.2221319604836673	38.17769558115183	0.9029205236436793	50.19438372581018
09_0024	Fish (Catla, Mrigal, Rohu), ventral with skin, raw	Macher peti (Katla, Mrigal,Rui)	Catla catla, Cirrhinus cirrhosus, Labeo rohita	09 Fish, shellfish and their products		130.0	75.14999999999999	21.386666666666667	4.886666666666667	0	0	1.3850705024940322	43.26766806893996	1.0233007758837993	56.88645951290895
09_0025	Ganges river sprat, combined species, raw	Kachki, bivinno projati	Corica soborna and Sicamugil cascasia	09 Fish, shellfish and their products	1.0	93.0	80.4025	16.12	3.2099999999999995	0	0	1.5733333333333333	489.396	2.413333333333333	38
09_0071	Small fish fry*	Kachki mach vaja		09 Fish, shellfish and their products	1.0	107.0	79.26005041218139	7.360289780104686	6.111458772676902	5.265014787533073	0.9	1.5592869967549914	215.2905465004996	1.3334946169695974	242.00386592235282
09_0026	Gangetic ailia, raw	Kajuli	 Ailia coila	09 Fish, shellfish and their products	0.76	117.0	76.56	15.319999999999999	6.153333333333333	0	0	1.9666666666666668	313.3333333333333	0.9	
09_0027	Gangetic mystus, raw	Gulsha	Mystus cavasius	09 Fish, shellfish and their products	0.68	86.0	78.62333333333333	15.363333333333335	2.7433333333333336	0	0	2.435	300	1.2645928525845567	49.92890874282068
09_0028	Giant river-catfish, raw	Guizza	Mystus seenghala	09 Fish, shellfish and their products	0.77	75.0	78.1	15.9	1.3	0	0	1.2	380	0.7	84
09_0029	Giant seaperch, whole, dried	Vetkee, shutki	Lates calcarifer	09 Fish, shellfish and their products		318.0	20.1	60.2	8.583522860584074	0	0	15.9	939	2.963333789554366	
09_0030	Giant seaperch,without bones, raw	Vetkee, kata chara	Lates calcarifer	09 Fish, shellfish and their products	0.5	96.0	77.16750000000002	18.567500000000003	2.4528571428571424	0	0	1.665	24	0.9962500000000001	96.10333333333334
09_0031	Goby, Tank goby, raw	Bele	Glossogobius giuris	09 Fish, shellfish and their products	0.71	81.0	79.5625	14.735	2.453333333333333	0	0	2.7466666666666666	396.6666666666667	1.1923066666666668	79
09_0032	Gourami, Banded gourami, eyes included, raw	Khailsa, kata chara, chokh soho	Colisa fasciata	09 Fish, shellfish and their products	0.57	105.0	75.1525	15.8325	4.576666666666667	0	0	1.375	421.6666666666667	0.91	34
09_0033	Hilsa, without bones, raw 	Ilish, kata chara	Tenualosa ilisha	09 Fish, shellfish and their products	0.76	223.0	62.702173913043474	17.96260869565217	16.782857142857143	0	0	1.8887499999999997	85.96400000000001	1.2850000000000001	52
09_0034	Indian river shad, raw	Chapila	Gudusia chapra	09 Fish, shellfish and their products	1.0	106.0	76.85333333333332	15.355	4.9025	0	0	4.4	1060	4.83	57
09_0035	Indian threadfin, without bones, raw	Lakkha, kata chara	Leptomelanosoma indicum	09 Fish, shellfish and their products		100.0	77.06	20.335	2.1	0	0	1.195	53	0.44999999999999996	74.64910500878226
09_0036	Indo-pacific king mackerel, without bones, raw 	Surma/ Bijoram, kata chara	Scomberomorus guttatus	09 Fish, shellfish and their products		102.0	76.035	20.907500000000002	2.0324999999999998	0	0	1.6	35	0.8274999999999999	77.98455978794539
09_0037	Kuria labeo, without bones, raw	Gonia, kata chara	Labeo gonius	09 Fish, shellfish and their products	0.44	109.0	76.532	17.618000000000002	4.31	0	0	1.13	29.587	0.3	60.49666666666667
09_0038	Long-whiskered catfish, without bones, raw	Ayre, kata chara	Mystus aor	09 Fish, shellfish and their products	0.77	89.0	78.1225	17.0175	2.275	0	0	1.2	11	0.9218	84
09_0039	Mackerel, Narrow-barred Spanish, raw	Chompa	Scomberomorus commerson 	09 Fish, shellfish and their products		112.0	73.3	19.8	3.6	0	0	1.5	92	2	145
09_0040	Minnow, Finescale razorbelly, raw	Chela, Fulchela	Salmophasia phulo	09 Fish, shellfish and their products	0.72	95.0	77.60249999999999	15.2875	3.7175000000000002	0	0	3.0124999999999997	533.5	1.85	53
09_0041	Minnow, Finescale razorbelly, dried	Chela, Fulchela, shukna	Salmophasia phulo	09 Fish, shellfish and their products		412.0	4.7	64.8	17.0	0	0	13.4	3590	6.690891840607208	
09_0042	Minnow, Largescale razorbelly, raw	Chela, Narkeli	Salmophasia bacaila	09 Fish, shellfish and their products	0.72	119.0	71.65	18.105	5.21	0	0	2.1	352	5.4	156
09_0043	Mola carplet, whole, eyes included, raw	Mola, chokh soho	Amblypharyngodon mola	09 Fish, shellfish and their products	0.62	108.0	77.50384615384617	17.087	4.373333333333334	0	0	2.6844444444444444	766.5175	3.775714	42.5
09_0044	Mrigal carp, eyes included, raw	Mrigal, chokh soho	Cirrhinus cirrhosus	09 Fish, shellfish and their products	0.59	102.0	78.356	18.5775	3.035	0	0	1.58	655	1.8	62.98049180327869
09_0045	Mullet, Goldspot, raw	Parshe	Liza parsia	09 Fish, shellfish and their products		120.0	70.695	18.66	5.0	0	0	3.495	1050	2.1	41
09_0046	Mussel/Clam, mixed species, raw	Jhinuk	Pisidium clarkeanum and Lamellidens marginalis	09 Fish, shellfish and their products	0.32	60.0	83.315	11.644574215033305	1.545	0	0	0.923	30.956945765937217	1.2859039010466227	477.054471931494
09_0047	Pangas, without bones, raw	Pangas, kata chara	Pangasius pangasius	09 Fish, shellfish and their products	0.44	162.0	70.84	15.896	10.963	0	0	0.966	14.372	0.14844929607454813	45.856
09_0048	Perch, Mud, raw	Meni	Nandus nandus	09 Fish, shellfish and their products		99.0	75.82666666666665	15.783333333333333	4.03	0	0	3.77	515.5	1.9304999999999999	57
09_0049	Pomfret, Black, raw	Rupchanda, kalo, bivinno projati	Parastromateus niger and Formio niger	09 Fish, shellfish and their products	0.49	112.0	78.91749999999999	19.576666666666668	3.7300000000000004	0	0	1.1	286	0.9299999999999999	131
09_0050	Pomfret, Chinese Silver, raw	Rupchanda, China sada	Pampus chinensis	09 Fish, shellfish and their products	0.92	103.0	74.8725	15.893333333333333	4.373333333333334	0	0	1.5	200	0.3875	145.09620874631364
09_0051	Pomfret, Silver, dried	Rupchanda, sada, shutki	Pampus argenteus	09 Fish, shellfish and their products		349.0	21.625	62.125	11.1975	0	0	3.7525			
09_0052	Pomfret, Silver, without bones, raw	Rupchanda, Sada	Pampus argenteus	09 Fish, shellfish and their products		108.0	76.5	17.9	4.03	0	0	1.5	12.751937984496125	0.5465116279069768	151.2015503875969
09_0053	Prawn, Birma river prawn, raw	Chingri, Birma nodir	 Macrobrachium birmanicum	09 Fish, shellfish and their products		86.0	78.53	18.81	1.25	0	0	1.35	15.517920792079208	0.5526930693069306	98.29433663366336
09_0054	Prawn, Giant river prawn, raw	Chingri, Golda	Macrobrachium rosenbergii	09 Fish, shellfish and their products		102.0	74.75	20.945	2.035	0	0	1.2	18.25	0.65	115.6
09_0055	Prawn, Giant tiger prawn, raw	Chingri, Bagda	Penaeus monodon	09 Fish, shellfish and their products		92.0	78.78999999999999	16.5	2.914	0	0	1.592	17	0.5537022796756613	117.48032875182773
09_0056	Prawn, Hairy river prawn, raw	Chingri	Macrobrachium rude	09 Fish, shellfish and their products		75.0	79.85	17.56	0.58	0	0	1.42	14.563861386138619	0.5187128712871288	92.25108910891092
09_0057	Prawn, Indian white prawn, raw	Chingri sada, nodir	Fenneropenaeus indicus	09 Fish, shellfish and their products		95.0	79.035	16.362000000000002	3.258	0	0	1.6825	303.6	0.5473063787553152	196.1
09_0058	Prawn, Monsoon river prawn, raw	Chingri, nodir	Macrobrachium malcolmsonii malcolmsonii	09 Fish, shellfish and their products		79.0	79.68	18.19	0.68	0	0	1.3	14.686732673267322	0.523089108910891	93.02938613861383
09_0059	Rohu, river, raw	Rui, nodir	Labeo rohita	09 Fish, shellfish and their products	0.8	90.0	76.7	16.6	2.6733333333333333	0	0	1.2	650	1	101
09_0060	Rohu, without bones, raw	Rui, kata chara	Labeo rohita	09 Fish, shellfish and their products	0.44	105.0	76.25	20.564	2.555	0	0	0.904	29.587	0.4248947485371417	38.481
09_0061	Shrimp, Speckled, raw	Chingri, Horina	Metapenaeus monoceros	09 Fish, shellfish and their products		81.0	78.905	16.995	1.42	0	0	2.025	421	0.5507001221008048	116.84335384346086
09_0062	Silver carp, without bones, raw 	Silver carp, kata chara	Hypophthalmichthys molitrix	09 Fish, shellfish and their products	0.78	123.0	75.57875	17.453333333333337	5.9557142857142855	0	0	1.05	21.7	1.5107950000000003	114.81
09_0063	Silver needle fish, eyes included, raw	Kakila, chokh soho	Xenentodon cancila	09 Fish, shellfish and their products		94.0	76.88333333333333	16.563333333333333	3.0933333333333333	0	0	3.4266666666666663	210	0.82	55
09_0064	Spotted snakehead, raw	Taki, kata chara	Channa punctatus	09 Fish, shellfish and their products		91.0	78.18666666666665	17.3375	2.4	0	0	4.003333333333333	624	1.5183024999999999	67.78999999999999
09_0065	Stinging catfiah, raw	Shing mach, kata chara	Heteropneustes fossilis	09 Fish, shellfish and their products	0.75	101.0	76.65375	17.2375	3.521428571428572	0	0	2.5391999999999997	319.1	2.1266666666666665	82.8
09_0066	Stone roller, raw	Tatkini	Crossocheilus latius	09 Fish, shellfish and their products	0.77	97.0	76.24000000000001	15.32	3.92	0	0	2.59	195	2.1599999999999997	35
09_0067	Striped snake-head, raw	Shol, kata chara	Channa striata	09 Fish, shellfish and their products	0.77	101.0	78.38875	17.7425	3.3	0	0	1.415	103.82	1.04125	50.2
09_0068	Tilapia, without bones, raw	Telapia, kata chara	Oreochromis mossambicus	09 Fish, shellfish and their products	0.3	110.0	76.21065	20.803	3.025	0	0	1.079	19.3	0.49435361333047917	55.065
09_0069	Tuna, without bones, raw	Tuna, kata chara	Euthynnus affinis	09 Fish, shellfish and their products	0.58	118.0	72.00571428571429	25.00714285714286	1.9514285714285715	0	0	1.3	16	1.2785714285714285	47
09_0070	Walking catifish, without bones, raw	Magur, kata chara	Clarias batrachus	09 Fish, shellfish and their products	0.79	103.0	77.57333333333334	15.56	4.58	0	0	1.125	26.77	0.7575000000000001	71.2
10_0016	Beef handi kabab*	Haaree kabab (goru)		10 Meat, poultry and their products	1.0	233.0	60.40614062975522	12.687957860527804	16.930428704186777	6.553439210415981	1.773156372384765	1.659148515281944	25.150738554845443	2.0262946740357437	344.91979288906134
10_0001	Beef liver, raw	Gorur koliza	Bos taurus	10 Meat, poultry and their products	1.0	130.0	70.81	20.36	3.63	3.8900000000000006	0	1.31	4.045	3.5	69
10_0002	Beef, meat, lean, boneless, raw	Gorur mangsaw, harh o chorbi chara	Bos taurus	10 Meat, poultry and their products	1.0	103.0	76.03333333333335	20.7425	2.255	0	0	0.9700000000000001	4.2592307692307685	1.9784615384615383	52
10_0003	Beef, meat, 15-20 % fat, boneless, raw	Gorur mangsaw, harh chara	Bos taurus	10 Meat, poultry and their products	1.0	207.0	65.4	19.7	14.2	0	0	0.9	5	2.2	69
10_0004	Beef, mince, lean, raw	Gorur mangsaw, kima	Bos taurus	10 Meat, poultry and their products	1.0	126.0	74.98	20.28	5.0	0	0	1.0150000000000001	9	2.38	66
10_0005	Buffalo meat, raw	Mohisher mangsaw	Bubalus bubalis	10 Meat, poultry and their products	1.0	95.0	78.7	19.4	1.9	0	0	1	12	1.61	53
10_0006	Chicken breast, without skin, raw	Murgi, buker mangsaw, chamra charano	Gallus bankiva murghi	10 Meat, poultry and their products	0.76	106.0	72.86	22.295	1.825	0	0	1.083	14.784	0.48020833333333335	36.894
10_0007	Chicken leg, without skin, raw	Murgi, ranner mangsaw, chamra charano	Gallus bankiva murghi	10 Meat, poultry and their products	0.72	128.0	71.94	19.194	5.689	0	0	0.961	17.893	1.0405416666666667	55.069
10_0008	Chicken liver, raw	Murgir koliza	Gallus bankiva murghi	10 Meat, poultry and their products	1.0	114.0	76.46	16.92	4.83	0.730000000000004	0	1.06	18.35	8.99	71
10_0009	Duck, meat, raw	Hasher mangsaw	Anas platyrhynchos	10 Meat, poultry and their products	0.84	130.0	72.3	21.6	4.8	0	0	1.2	4	2.4	74
10_0010	Frog, legs, raw	Bang	Bufo melanostictus	10 Meat, poultry and their products		68.0	81.9	16.4	0.3	0	0	1.4	18	1.5	58
10_0011	Goat meat, lean, raw	Khaseer mangsaw	Capra hyrchusb	10 Meat, poultry and their products	0.69	118.0	74.2	21.4	3.6	0	0	1.1	12	2.83	82
10_0012	Lamb/mutton, meat, moderately fat, raw	Verar mangsaw	Capra hyrchusb	10 Meat, poultry and their products	0.75	196.0	71.5	18.5	13.5	0	0	1.3	12.5	2.165	41.25
10_0013	Lamb/Mutton, liver,raw	Verar koliza	Ovis aries	10 Meat, poultry and their products	1.0	150.0	70.4	19.3	7.5	1.2999999999999972	0	1.5	10	6.3	73
10_0014	Pigeon meat, raw	Kobutorer mangsaw	Columba livia intermedia	10 Meat, poultry and their products		137.0	70.4	23.3	4.9	0	0	1.4	12	2.515673289183222	59.896983075791
10_0015	Pork, meat, <5 % fat, raw	Shukorer mangsaw	Sus scrofa domesticus	10 Meat, poultry and their products	1.0	114.0	77.4	18.7	4.4	0	0	1	30	2.2	59.88643533123027
11_0001	Egg, chicken, farmed, raw 	Murgir dim, farm er	Gallus bankiva murghi	11 Eggs and their products	0.87	139.0	72.31	14.489	9.0	Tr	0	0.809	[29]	1.54	115.956
11_0005	Egg, chicken, farmed, boiled* (without salt)	Murgir Dim siddha, lobon chara	Gallus bankiva murghi	11 Eggs and their products	0.87	158.0	68.53409090909092	16.464772727272727	10.227272727272728	0	0	0.8733522727272729	[35]	1.7724999999999997	127.75977272727272
11_0002	Egg, chicken, native, raw	Murgir dim, deshi 	Gallus bankiva murghi	11 Eggs and their products	0.87	158.0	76.12	13.3	11.6	Tr	0	0.89	60	1.65398	134.75
11_0006	Egg, chicken, native, boiled* (without salt)	Deshi murgir dim siddha, lobon chara	Gallus bankiva murghi	11 Eggs and their products	0.87	179.0	72.86363636363636	15.113636363636365	13.18181818181818	0	0	0.9607954545454545	68.04772727272727	1.8955465909090907	148.04874999999998
11_0003	Egg, chicken, yolk, raw	Murgir dim r kusum, deshi 	Gallus bankiva murghi	11 Eggs and their products	1.0	325.0	51.870000000000005	15.953333333333333	27.846666666666664	2.625	0	1.705	119.66666666666667	4.776666666666666	48
11_0004	Egg, duck, whole, raw	Hasher dim	Anas platyrhynchos	11 Eggs and their products	0.89	188.0	69.695	13.48	14.29	1.4416666666666629	0	1.0933333333333335	65	2.4196733333333333	133.96
11_0007	Egg, duck, whole, boiled* (without salt)	Hasher dim siddha, lobon chara	Anas platyrhynchos	11 Eggs and their products	0.89	214.0	65.56249999999999	15.31818181818182	16.238636363636363	1.6382575757575715	0	1.1803030303030304	73.44545454545455	2.7221473484848486	147.19590909090908
12_0001	Buttermilk, fluid, low fat	Ghol		12 Milk and its product	1.0	33.0	92.2075	3.3699999999999997	0.745	3.080833333333331	0	0.5966666666666667	103	0.036666666666666674	68.43333333333334
12_0002	Cheese, cottage, 25% fat	Poneer		12 Milk and its product	1.0	346.0	40.3	24.601280000000003	25.1	5.398719999999997	0	4.6	790	0.3040747028862479	508.81833616298815
12_0003	Curd, sweetened, whole milk	Doi, misti		12 Milk and its product	1.0	94.0	80.6	3.1644799999999997	4.0	11.435520000000011	0	0.8	103	0.08915628801703164	51.155
12_0004	Milk, buffalo, whole fat	Mohiser dudh	Bubalus bubalis	12 Milk and its product	1.0	101.0	83.25343750000002	3.8320847058823535	7.467581395348835	4.690296398768794	0	0.7565999999999999	205.8	0.16	52
12_0005	Milk, cow, powder, skimmed	Gura dudh, Goru, makhon tola/noniheen 		12 Milk and its product	1.0	358.0	3.8	37.56544	1.0	49.78456	0	7.85	1370	1.1	435
12_0006	Milk, cow, powder, whole	Gura dudh, Goru, noni soho		12 Milk and its product	1.0	497.0	3.1999999999999997	26.645546666666664	26.688888888888886	37.532231111111116	0	5.933333333333334	959.3333333333334	0.6511111111111112	365
12_0007	Milk, cow, skimmed	Gorur dudh, makhon tola/noniheen 		12 Milk and its product	1.0	30.0	92.1	3.08	0.1	4.082000000000008	0	0.638	103	0.08915628801703164	51.155
12_0008	Milk, cow, whole fat (pasteurised, UTH)	Gorur dudh, purno noni soho		12 Milk and its product	1.0	63.0	88.27	3.08	3.74	4.272000000000006	0	0.638	103	0.08915628801703164	51.155
12_0009	Milk, cow, whole, condensed, sweetened	Kondense milk, Goru, chini soho		12 Milk and its product	1.0	334.0	26.53	8.205	9.399999999999999	54.035000000000004	0	1.83	287	0.21000000000000002	133.5
12_0010	Milk, goat, combined breeds	Chagoler dudh	Capra hircus	12 Milk and its product	1.0	68.0	87.2053846153846	3.5447733333333336	4.121538461538462	4.274970256410256	0	0.8533333333333333	152	0.175	50
12_0011	Milk, human, colostrum, raw	Shaldudh		12 Milk and its product	1.0	58.0	88.2	2.0	2.6	6.6000000000000085	0	0.6	28	0.07	47
12_0012	Milk, human, mature, raw	Mayer dudh		12 Milk and its product	1.0	69.0	87.425	1.2081034482758621	3.995	7.1718965517241315	0	0.20000000000000004	32	0.0675	15.666666666666666
12_0013	Payesh*	Payesh		12 Milk and its product	1.0	205.0	53.75795920231062	4.250896843841038	4.705527352409413	36.22342181327571	0.2	0.8642652045681811	132.3285269211902	0.2067749817459523	65.3199343106468
13_0001	Butter, salted	Makhon, nonta		13 Fat and oils	1.0	733.0	15.87	0.85	81.0	0.1700000000000017	0	2.11	24	0.02	714
13_0002	Cottonseed oil	Tular bij er tel	Gossypium herbaceum	13 Fat and oils	1.0	900.0	0	0.0	100.0	0	0	0	0	0	0
13_0003	Fish oil, cod liver	Kod liver tel		13 Fat and oils	1.0	900.0	0	0.0	100.0	0	0	0	1.15	0.074	0.02
13_0004	Ghee, cow	Ghee, gorur		13 Fat and oils	1.0	898.0	0.1	0.0	99.8	0	0	0.1	1	0.201	2
13_0005	Ghee, vegetable	Dalda/Bonoshpati		13 Fat and oils	1.0	900.0	0	0.0	100.0	0	0	Tr	2.165	0.189	1
13_0006	Margarine	Margarine		13 Fat and oils	1.0	750.0	16	0.25	83.25	0	0	2.3	10	0.06	504
13_0007	Mayonnaise, salted	Mayonnaise, nonta		13 Fat and oils	1.0	732.0	16.366666666666664	1.5333333333333332	80.63333333333333	0	0	1.4500000000000002	8	0.3	487.6666666666667
13_0008	Mustard oil	Sorishar tel	Brassica juncea	13 Fat and oils	1.0	900.0	0	0.0	100.0	0	0	0	0	0	0
13_0009	Palm oil	Palm tel		13 Fat and oils	1.0	900.0	0	0.0	99.96666666666665	0	0	0	0	0.01	0
13_0010	Peanut oil	China badam er tel	Arachis hypogaea	13 Fat and oils	1.0	900.0	0	0.0	100.0	0	0	0	0	0.03	0
13_0011	Sesame oil	Tiler tel	Sesamum indicum	13 Fat and oils	1.0	900.0	0	0.0	100.0	0	0	0	0	0	0
13_0012	Soya oil	Soyabean tel	Glycine max	13 Fat and oils	1.0	900.0	0	0.0	100.0	0	0	0	0	0.05	0
14_0001	Coconut water	Daber pani	Cocos nucifera	14 Beverages	1.0	20.0	94.52250000000001	0.56	0.27499999999999997	3.194999999999993	1.1	0.34750000000000003	20.2	0.1725	95.5
14_0002	Coffee infusion (instant with sugar and milk powder, whole fat)	Coffee, dudh o chini soho		14 Beverages	1.0	38.0	91.29321827904717	0.8907228779776374	0.7924647544968401	6.768453106465727	0	0.2551409820126398	33.12232620320856	0.1671025765678172	13.698347107438016
14_0003	Coffee, powder	Coffee		14 Beverages	1.0	355.0	3.1	12.2	0.5	75.4	0	8.8	141	4.41	37
14_0004	Soft drinks, carbonated	Komol paniyo		14 Beverages	1.0	41.0	89.62	0.0	0.0	10.319999999999993	0	0.06	5.628	0.25420000000000004	4
14_0005	Soya milk (not sweetened)	Soyabean dudh		14 Beverages	1.0	54.0	87.75	2.8089600000000003	2.41	4.93104000000001	0.5	1.6	13	0.43	32
14_0006	Sugar cane Juice	Akher Ross	Saccharum officinarum	14 Beverages	1.0	33.0	91.7	0.7	0.0	7.5	0	0.1	8	1.1	6.787784679089025
14_0007	Tea infusion (with sugar and milk powder, whole fat)	Dudh cha		14 Beverages	1.0	41.0	90.43958762886598	0.7296274914089347	0.7752806414662085	7.5891812142038955	0.20927835051546395	0.25704467353951893	28.29789518900344	0.4149770904925544	13.744845360824742
14_0008	Tea, infusion (with sugar)	Likar cha		14 Beverages	1.0	29.0	92.43490765171505	0.21329815303430077	0.0	7.086200527704485	0.08970976253298155	0.1758839050131926	5.061345646437995	0.13598944591029025	3.4722955145118735
14_0009	Tea, powder	Cha pata	Camellia sinensis	14 Beverages	1.0	296.0	5.7075	20.21	0.0	49.5425	8.5	16.04	118	2.26	72
14_0010	Water, drinking	Khabar pani		14 Beverages	1.0	0.0	100	0.0	0.0	0	0	Tr	3.2750000000000004	0.11000000000000001	2.58
15_0002	Betel leaves, raw	Pan pata	Piper betel	15 Miscellaneous	1.0	42.0	85.4	3.1	0.4	4.099999999999994	4.7	2.3	230	7	3
15_0003	Honey	Modhu		15 Miscellaneous	1.0	326.0	18.15	0.325	0.0	81.125	0.2	0.20000000000000004	5.333333333333333	0.53	8.666666666666666
15_0004	Jaggery, sugarcane, solid	Gur, Akh	Saccharum officinarum 	15 Miscellaneous	1.0	385.0	3.4	0.5	0.1	95.4	0	0.6	92	1.6	79
15_0005	Jaggery/Panela, date palm	Gur, Khejur	Phoenix sylvestiris	15 Miscellaneous	1.0	352.0	9.6	1.5	0.3	85.7	[0.3]	2.6	363		
15_0006	Jagggery liquid, date palm	Nolen gur	Phoenix sylvestiris	15 Miscellaneous	1.0	86.0	78.26666666666667	0.31166666666666665	0.09833333333333334	20.885000000000005	[0.1]	0.3383333333333333	87.26991150442478		
15_0007	Salt	Lobon		15 Miscellaneous		0.0	Tr	0.0	0.0	0	0	99.8	Tr	Tr	39340
15_0008	Sugar, white	Chini, sada	Saccharum officinarum 	15 Miscellaneous	1.0	398.0	0.4	0.0	0.0	99.5	0	0.1	12	0.16	5
